{"cameraMode":{"drawMode":0,"name":"Shaded","section":"Shading Mode"},"sceneLighting":true,"audioPlay":false,"sceneViewState":{"showFog":false,"showMaterialUpdate":false,"showSkybox":false,"showFlares":false,"showImageEffects":false,"showParticleSystems":true},"in2DMode":false,"pivot":{"x":2.0001070499420168,"y":1.6377902030944825,"z":1.2005252838134766},"rotation":{"x":-0.06889288872480393,"y":0.038897331804037097,"z":0.0026881732046604158,"w":0.9968620538711548},"size":6.279768466949463,"orthographic":false}