{"cameraMode":{"drawMode":0,"name":"Shaded","section":"Shading Mode"},"sceneLighting":true,"audioPlay":false,"sceneViewState":{"showFog":false,"showMaterialUpdate":false,"showSkybox":false,"showFlares":false,"showImageEffects":false,"showParticleSystems":true},"in2DMode":false,"pivot":{"x":3.164799690246582,"y":-0.9770915508270264,"z":0.5047053098678589},"rotation":{"x":0.1868993490934372,"y":0.6971707940101624,"z":-0.19632956385612489,"w":0.6636843681335449},"size":7.651299953460693,"orthographic":false}